{"alphas": [0.0, 0.1, 0.2, 0.3, 0.4, 0.5, 0.6, 0.7, 0.8, 0.9, 1.0, 1.1, 1.2, 1.3, 1.4], "distances": [0.03048194331507529, 0.01897872642914374, 0.00689960902182652, 0.24409314907426316, 0.16431254032138368, 0.28249516474468456, 0.2659848447513134, 0.2900300769549405, 0.2900713990337681, 0.290348707379141, 0.27650131308683945, 0.2828854529039416, 0.43176627813917284, 0.999418890131506, 0.29001979919013726], "costs": [2.258889868951613, 0.523575911983367, 0.48669807680191535, 0.055779310657132056, 0.1699563697076613, 0.009129612215103642, 0.029464638002457157, 0.00011491487103123819, 6.907868289178418e-05, 4.15846993846278e-05, 0.0001027243560360324, 8.458848922483383e-05, 5.5625501178926034e-05, 5.781618337477407e-05, 7.3262813591188e-05]}